url,reference,text_content,error
https://historicengland.org.uk/advice/heritage-at-risk/search-register/list-entry/34594,1001733,NA,cannot open the connection
https://historicengland.org.uk/advice/heritage-at-risk/search-register/list-entry/27706,1001814,NA,cannot open the connection
https://historicengland.org.uk/advice/heritage-at-risk/search-register/list-entry/27702,1001857,NA,cannot open the connection
https://historicengland.org.uk/advice/heritage-at-risk/search-register/list-entry/30038,1001903,NA,cannot open the connection
https://historicengland.org.uk/advice/heritage-at-risk/search-register/list-entry/3533517,1001955,NA,cannot open the connection
https://historicengland.org.uk/advice/heritage-at-risk/search-register/list-entry/40364,1001979,NA,cannot open the connection
https://historicengland.org.uk/advice/heritage-at-risk/search-register/list-entry/36137,1002035,NA,cannot open the connection
https://historicengland.org.uk/advice/heritage-at-risk/search-register/list-entry/40359,1002050,NA,cannot open the connection
https://historicengland.org.uk/advice/heritage-at-risk/search-register/list-entry/37739,1002067,NA,cannot open the connection
https://historicengland.org.uk/advice/heritage-at-risk/search-register/list-entry/39696,1002102,NA,cannot open the connection
https://historicengland.org.uk/advice/heritage-at-risk/search-register/list-entry/29052,1002303,NA,cannot open the connection
https://historicengland.org.uk/advice/heritage-at-risk/search-register/list-entry/48153,1002340,NA,cannot open the connection
https://historicengland.org.uk/advice/heritage-at-risk/search-register/list-entry/26388,1002346,NA,cannot open the connection
https://historicengland.org.uk/advice/heritage-at-risk/search-register/list-entry/30296,1002359,NA,cannot open the connection
https://historicengland.org.uk/advice/heritage-at-risk/search-register/list-entry/42471,1002396,NA,cannot open the connection
https://historicengland.org.uk/advice/heritage-at-risk/search-register/list-entry/39441,1002404,NA,cannot open the connection
https://historicengland.org.uk/advice/heritage-at-risk/search-register/list-entry/35333,1002406,NA,cannot open the connection
https://historicengland.org.uk/advice/heritage-at-risk/search-register/list-entry/42133,1002409,NA,cannot open the connection
https://historicengland.org.uk/advice/heritage-at-risk/search-register/list-entry/41676,1002411,NA,cannot open the connection
https://historicengland.org.uk/advice/heritage-at-risk/search-register/list-entry/42242,1002427,NA,cannot open the connection
https://historicengland.org.uk/advice/heritage-at-risk/search-register/list-entry/35220,1002455,NA,cannot open the connection
https://historicengland.org.uk/advice/heritage-at-risk/search-register/list-entry/37030,1002459,NA,cannot open the connection
https://historicengland.org.uk/advice/heritage-at-risk/search-register/list-entry/42803,1002470,NA,cannot open the connection
https://historicengland.org.uk/advice/heritage-at-risk/search-register/list-entry/42464,1002488,NA,cannot open the connection
https://historicengland.org.uk/advice/heritage-at-risk/search-register/list-entry/40267,1002533,NA,cannot open the connection
https://historicengland.org.uk/advice/heritage-at-risk/search-register/list-entry/36537,1002640,NA,cannot open the connection
https://historicengland.org.uk/advice/heritage-at-risk/search-register/list-entry/44874,1002678,NA,cannot open the connection
https://historicengland.org.uk/advice/heritage-at-risk/search-register/list-entry/33523,1002699,NA,cannot open the connection
https://historicengland.org.uk/advice/heritage-at-risk/search-register/list-entry/38301,1002718,NA,cannot open the connection
https://historicengland.org.uk/advice/heritage-at-risk/search-register/list-entry/40086,1002726,NA,cannot open the connection
https://historicengland.org.uk/advice/heritage-at-risk/search-register/list-entry/39424,1002730,NA,cannot open the connection
https://historicengland.org.uk/advice/heritage-at-risk/search-register/list-entry/41657,1002731,NA,cannot open the connection
https://historicengland.org.uk/advice/heritage-at-risk/search-register/list-entry/44884,1002734,NA,cannot open the connection
https://historicengland.org.uk/advice/heritage-at-risk/search-register/list-entry/36553,1002740,NA,cannot open the connection
https://historicengland.org.uk/advice/heritage-at-risk/search-register/list-entry/36554,1002755,NA,cannot open the connection
https://historicengland.org.uk/advice/heritage-at-risk/search-register/list-entry/33527,1002758,NA,cannot open the connection
https://historicengland.org.uk/advice/heritage-at-risk/search-register/list-entry/41659,1002759,NA,cannot open the connection
https://historicengland.org.uk/advice/heritage-at-risk/search-register/list-entry/36555,1002760,NA,cannot open the connection
https://historicengland.org.uk/advice/heritage-at-risk/search-register/list-entry/36559,1002765,NA,cannot open the connection
https://historicengland.org.uk/advice/heritage-at-risk/search-register/list-entry/41661,1002770,NA,cannot open the connection
https://historicengland.org.uk/advice/heritage-at-risk/search-register/list-entry/40092,1002788,NA,cannot open the connection
https://historicengland.org.uk/advice/heritage-at-risk/search-register/list-entry/39431,1002796,NA,cannot open the connection
https://historicengland.org.uk/advice/heritage-at-risk/search-register/list-entry/42458,1002809,NA,cannot open the connection
https://historicengland.org.uk/advice/heritage-at-risk/search-register/list-entry/34427,1002811,NA,cannot open the connection
https://historicengland.org.uk/advice/heritage-at-risk/search-register/list-entry/42123,1002820,NA,cannot open the connection
https://historicengland.org.uk/advice/heritage-at-risk/search-register/list-entry/42124,1002825,NA,cannot open the connection
https://historicengland.org.uk/advice/heritage-at-risk/search-register/list-entry/42459,1002835,NA,cannot open the connection
https://historicengland.org.uk/advice/heritage-at-risk/search-register/list-entry/45686,1002862,NA,cannot open the connection
https://historicengland.org.uk/advice/heritage-at-risk/search-register/list-entry/36569,1002871,NA,cannot open the connection
https://historicengland.org.uk/advice/heritage-at-risk/search-register/list-entry/29820,1002887,NA,cannot open the connection
https://historicengland.org.uk/advice/heritage-at-risk/search-register/list-entry/2289447,1002889,NA,cannot open the connection
https://historicengland.org.uk/advice/heritage-at-risk/search-register/list-entry/410494,1002937,NA,cannot open the connection
https://historicengland.org.uk/advice/heritage-at-risk/search-register/list-entry/48507,1002960,NA,cannot open the connection
https://historicengland.org.uk/advice/heritage-at-risk/search-register/list-entry/47951,1002979,NA,cannot open the connection
https://historicengland.org.uk/advice/heritage-at-risk/search-register/list-entry/33713,1003010,NA,cannot open the connection
https://historicengland.org.uk/advice/heritage-at-risk/search-register/list-entry/44204,1003061,NA,cannot open the connection
https://historicengland.org.uk/advice/heritage-at-risk/search-register/list-entry/34177,1003079,NA,cannot open the connection
https://historicengland.org.uk/advice/heritage-at-risk/search-register/list-entry/34863,1003116,NA,cannot open the connection
https://historicengland.org.uk/advice/heritage-at-risk/search-register/list-entry/42102,1003206,NA,cannot open the connection
https://historicengland.org.uk/advice/heritage-at-risk/search-register/list-entry/36552,1003208,NA,cannot open the connection
https://historicengland.org.uk/advice/heritage-at-risk/search-register/list-entry/41658,1003213,NA,cannot open the connection
https://historicengland.org.uk/advice/heritage-at-risk/search-register/list-entry/41106,1003234,NA,cannot open the connection
https://historicengland.org.uk/advice/heritage-at-risk/search-register/list-entry/37028,1003237,NA,cannot open the connection
https://historicengland.org.uk/advice/heritage-at-risk/search-register/list-entry/28887,1003242,NA,cannot open the connection
https://historicengland.org.uk/advice/heritage-at-risk/search-register/list-entry/49761,1003276,NA,cannot open the connection
https://historicengland.org.uk/advice/heritage-at-risk/search-register/list-entry/40982,1003300,NA,cannot open the connection
https://historicengland.org.uk/advice/heritage-at-risk/search-register/list-entry/41665,1003309,NA,cannot open the connection
https://historicengland.org.uk/advice/heritage-at-risk/search-register/list-entry/43450,1003493,NA,cannot open the connection
https://historicengland.org.uk/advice/heritage-at-risk/search-register/list-entry/49789,1003543,NA,cannot open the connection
https://historicengland.org.uk/advice/heritage-at-risk/search-register/list-entry/29822,1003621,NA,cannot open the connection
https://historicengland.org.uk/advice/heritage-at-risk/search-register/list-entry/408263,1003651,NA,cannot open the connection
https://historicengland.org.uk/advice/heritage-at-risk/search-register/list-entry/26183,1003698,NA,cannot open the connection
https://historicengland.org.uk/advice/heritage-at-risk/search-register/list-entry/43371,1003716,NA,cannot open the connection
https://historicengland.org.uk/advice/heritage-at-risk/search-register/list-entry/43179,1003777,NA,cannot open the connection
https://historicengland.org.uk/advice/heritage-at-risk/search-register/list-entry/40593,1003847,NA,cannot open the connection
https://historicengland.org.uk/advice/heritage-at-risk/search-register/list-entry/45157,1003857,NA,cannot open the connection
https://historicengland.org.uk/advice/heritage-at-risk/search-register/list-entry/43440,1003879,NA,cannot open the connection
https://historicengland.org.uk/advice/heritage-at-risk/search-register/list-entry/27186,1003912,NA,cannot open the connection
https://historicengland.org.uk/advice/heritage-at-risk/search-register/list-entry/26583,1003997,NA,cannot open the connection
https://historicengland.org.uk/advice/heritage-at-risk/search-register/list-entry/46078,1003999,NA,cannot open the connection
https://historicengland.org.uk/advice/heritage-at-risk/search-register/list-entry/26247,1004002,NA,cannot open the connection
https://historicengland.org.uk/advice/heritage-at-risk/search-register/list-entry/38794,1004128,NA,cannot open the connection
https://historicengland.org.uk/advice/heritage-at-risk/search-register/list-entry/47105,1004202,NA,cannot open the connection
https://historicengland.org.uk/advice/heritage-at-risk/search-register/list-entry/30583,1004204,NA,cannot open the connection
https://historicengland.org.uk/advice/heritage-at-risk/search-register/list-entry/40752,1004254,NA,cannot open the connection
https://historicengland.org.uk/advice/heritage-at-risk/search-register/list-entry/36088,1004310,NA,cannot open the connection
https://historicengland.org.uk/advice/heritage-at-risk/search-register/list-entry/41298,1004433,NA,cannot open the connection
https://historicengland.org.uk/advice/heritage-at-risk/search-register/list-entry/35632,1004443,NA,cannot open the connection
https://historicengland.org.uk/advice/heritage-at-risk/search-register/list-entry/33162,1004459,NA,cannot open the connection
https://historicengland.org.uk/advice/heritage-at-risk/search-register/list-entry/34176,1004468,NA,cannot open the connection
https://historicengland.org.uk/advice/heritage-at-risk/search-register/list-entry/40730,1004494,NA,cannot open the connection
https://historicengland.org.uk/advice/heritage-at-risk/search-register/list-entry/39721,1004498,NA,cannot open the connection
https://historicengland.org.uk/advice/heritage-at-risk/search-register/list-entry/45688,1004552,NA,cannot open the connection
https://historicengland.org.uk/advice/heritage-at-risk/search-register/list-entry/34877,1004567,NA,cannot open the connection
https://historicengland.org.uk/advice/heritage-at-risk/search-register/list-entry/40513,1004617,NA,cannot open the connection
https://historicengland.org.uk/advice/heritage-at-risk/search-register/list-entry/27159,1004673,NA,cannot open the connection
https://historicengland.org.uk/advice/heritage-at-risk/search-register/list-entry/45182,1004697,NA,cannot open the connection
https://historicengland.org.uk/advice/heritage-at-risk/search-register/list-entry/33714,1004725,NA,cannot open the connection
https://historicengland.org.uk/advice/heritage-at-risk/search-register/list-entry/33827,1004735,NA,cannot open the connection
https://historicengland.org.uk/advice/heritage-at-risk/search-register/list-entry/38698,1004742,NA,cannot open the connection
https://historicengland.org.uk/advice/heritage-at-risk/search-register/list-entry/33825,1004746,NA,cannot open the connection
https://historicengland.org.uk/advice/heritage-at-risk/search-register/list-entry/34716,1004754,NA,cannot open the connection
https://historicengland.org.uk/advice/heritage-at-risk/search-register/list-entry/39601,1004773,NA,cannot open the connection
https://historicengland.org.uk/advice/heritage-at-risk/search-register/list-entry/36692,1004912,NA,cannot open the connection
https://historicengland.org.uk/advice/heritage-at-risk/search-register/list-entry/45380,1004935,NA,cannot open the connection
https://historicengland.org.uk/advice/heritage-at-risk/search-register/list-entry/43650,1004936,NA,cannot open the connection
https://historicengland.org.uk/advice/heritage-at-risk/search-register/list-entry/44482,1004955,NA,cannot open the connection
https://historicengland.org.uk/advice/heritage-at-risk/search-register/list-entry/36931,1004958,NA,cannot open the connection
https://historicengland.org.uk/advice/heritage-at-risk/search-register/list-entry/36928,1004976,NA,cannot open the connection
https://historicengland.org.uk/advice/heritage-at-risk/search-register/list-entry/45940,1004977,NA,cannot open the connection
https://historicengland.org.uk/advice/heritage-at-risk/search-register/list-entry/38121,1004978,NA,cannot open the connection
https://historicengland.org.uk/advice/heritage-at-risk/search-register/list-entry/42392,1004985,NA,cannot open the connection
https://historicengland.org.uk/advice/heritage-at-risk/search-register/list-entry/43537,1004991,NA,cannot open the connection
https://historicengland.org.uk/advice/heritage-at-risk/search-register/list-entry/42954,1004999,NA,cannot open the connection
https://historicengland.org.uk/advice/heritage-at-risk/search-register/list-entry/46205,1005015,NA,cannot open the connection
https://historicengland.org.uk/advice/heritage-at-risk/search-register/list-entry/43664,1005018,NA,cannot open the connection
https://historicengland.org.uk/advice/heritage-at-risk/search-register/list-entry/43602,1005073,NA,cannot open the connection
https://historicengland.org.uk/advice/heritage-at-risk/search-register/list-entry/44616,1005135,NA,cannot open the connection
https://historicengland.org.uk/advice/heritage-at-risk/search-register/list-entry/29128,1005140,NA,cannot open the connection
https://historicengland.org.uk/advice/heritage-at-risk/search-register/list-entry/2069351,1005151,NA,cannot open the connection
https://historicengland.org.uk/advice/heritage-at-risk/search-register/list-entry/48001,1005298,NA,cannot open the connection
https://historicengland.org.uk/advice/heritage-at-risk/search-register/list-entry/37980,1005514,NA,cannot open the connection
https://historicengland.org.uk/advice/heritage-at-risk/search-register/list-entry/28817,1005541,NA,cannot open the connection
https://historicengland.org.uk/advice/heritage-at-risk/search-register/list-entry/45175,1005587,NA,cannot open the connection
https://historicengland.org.uk/advice/heritage-at-risk/search-register/list-entry/33359,1005623,NA,cannot open the connection
https://historicengland.org.uk/advice/heritage-at-risk/search-register/list-entry/33025,1005670,NA,cannot open the connection
https://historicengland.org.uk/advice/heritage-at-risk/search-register/list-entry/38680,1005693,NA,cannot open the connection
https://historicengland.org.uk/advice/heritage-at-risk/search-register/list-entry/35738,1005721,NA,cannot open the connection
https://historicengland.org.uk/advice/heritage-at-risk/search-register/list-entry/37789,1005741,NA,cannot open the connection
https://historicengland.org.uk/advice/heritage-at-risk/search-register/list-entry/410490,1005770,NA,cannot open the connection
https://historicengland.org.uk/advice/heritage-at-risk/search-register/list-entry/49323,1005898,NA,cannot open the connection
https://historicengland.org.uk/advice/heritage-at-risk/search-register/list-entry/408422,1005908,NA,cannot open the connection
https://historicengland.org.uk/advice/heritage-at-risk/search-register/list-entry/46450,1005911,NA,cannot open the connection
https://historicengland.org.uk/advice/heritage-at-risk/search-register/list-entry/26203,1006019,NA,cannot open the connection
https://historicengland.org.uk/advice/heritage-at-risk/search-register/list-entry/33903,1006204,NA,cannot open the connection
https://historicengland.org.uk/advice/heritage-at-risk/search-register/list-entry/42043,1006213,NA,cannot open the connection
https://historicengland.org.uk/advice/heritage-at-risk/search-register/list-entry/47999,1006334,NA,cannot open the connection
https://historicengland.org.uk/advice/heritage-at-risk/search-register/list-entry/28307,1006427,NA,cannot open the connection
https://historicengland.org.uk/advice/heritage-at-risk/search-register/list-entry/28756,1006455,NA,cannot open the connection
https://historicengland.org.uk/advice/heritage-at-risk/search-register/list-entry/28304,1006459,NA,cannot open the connection
https://historicengland.org.uk/advice/heritage-at-risk/search-register/list-entry/28190,1006466,NA,cannot open the connection
https://historicengland.org.uk/advice/heritage-at-risk/search-register/list-entry/36362,1006616,NA,cannot open the connection
https://historicengland.org.uk/advice/heritage-at-risk/search-register/list-entry/38125,1006636,NA,cannot open the connection
https://historicengland.org.uk/advice/heritage-at-risk/search-register/list-entry/40832,1006684,NA,cannot open the connection
https://historicengland.org.uk/advice/heritage-at-risk/search-register/list-entry/40833,1006691,NA,cannot open the connection
https://historicengland.org.uk/advice/heritage-at-risk/search-register/list-entry/39379,1006696,NA,cannot open the connection
https://historicengland.org.uk/advice/heritage-at-risk/search-register/list-entry/40274,1006706,NA,cannot open the connection
https://historicengland.org.uk/advice/heritage-at-risk/search-register/list-entry/39715,1006716,NA,cannot open the connection
https://historicengland.org.uk/advice/heritage-at-risk/search-register/list-entry/34833,1006717,NA,cannot open the connection
https://historicengland.org.uk/advice/heritage-at-risk/search-register/list-entry/26570,1006793,NA,cannot open the connection
https://historicengland.org.uk/advice/heritage-at-risk/search-register/list-entry/29801,1006855,NA,cannot open the connection
https://historicengland.org.uk/advice/heritage-at-risk/search-register/list-entry/29799,1006878,NA,cannot open the connection
https://historicengland.org.uk/advice/heritage-at-risk/search-register/list-entry/30999,1006943,NA,cannot open the connection
https://historicengland.org.uk/advice/heritage-at-risk/search-register/list-entry/34009,1006967,NA,cannot open the connection
https://historicengland.org.uk/advice/heritage-at-risk/search-register/list-entry/49565,1007014,NA,cannot open the connection
https://historicengland.org.uk/advice/heritage-at-risk/search-register/list-entry/33184,1007306,NA,cannot open the connection
https://historicengland.org.uk/advice/heritage-at-risk/search-register/list-entry/45028,1007433,NA,cannot open the connection
https://historicengland.org.uk/advice/heritage-at-risk/search-register/list-entry/41182,1007435,NA,cannot open the connection
https://historicengland.org.uk/advice/heritage-at-risk/search-register/list-entry/36507,1007667,NA,cannot open the connection
https://historicengland.org.uk/advice/heritage-at-risk/search-register/list-entry/39612,1007668,NA,cannot open the connection
https://historicengland.org.uk/advice/heritage-at-risk/search-register/list-entry/33272,1007670,NA,cannot open the connection
https://historicengland.org.uk/advice/heritage-at-risk/search-register/list-entry/43385,1007712,NA,cannot open the connection
https://historicengland.org.uk/advice/heritage-at-risk/search-register/list-entry/40538,1007775,NA,cannot open the connection
https://historicengland.org.uk/advice/heritage-at-risk/search-register/list-entry/41523,1008067,NA,cannot open the connection
https://historicengland.org.uk/advice/heritage-at-risk/search-register/list-entry/35997,1008107,NA,cannot open the connection
https://historicengland.org.uk/advice/heritage-at-risk/search-register/list-entry/35157,1008255,NA,cannot open the connection
https://historicengland.org.uk/advice/heritage-at-risk/search-register/list-entry/45459,1008293,NA,cannot open the connection
https://historicengland.org.uk/advice/heritage-at-risk/search-register/list-entry/41050,1008467,NA,cannot open the connection
https://historicengland.org.uk/advice/heritage-at-risk/search-register/list-entry/40919,1008469,NA,cannot open the connection
https://historicengland.org.uk/advice/heritage-at-risk/search-register/list-entry/40183,1009124,NA,cannot open the connection
https://historicengland.org.uk/advice/heritage-at-risk/search-register/list-entry/33406,1009142,NA,cannot open the connection
https://historicengland.org.uk/advice/heritage-at-risk/search-register/list-entry/41204,1009303,NA,cannot open the connection
https://historicengland.org.uk/advice/heritage-at-risk/search-register/list-entry/42657,1009315,NA,cannot open the connection
https://historicengland.org.uk/advice/heritage-at-risk/search-register/list-entry/26572,1009396,NA,cannot open the connection
https://historicengland.org.uk/advice/heritage-at-risk/search-register/list-entry/26617,1009449,NA,cannot open the connection
https://historicengland.org.uk/advice/heritage-at-risk/search-register/list-entry/27876,1009530,NA,cannot open the connection
https://historicengland.org.uk/advice/heritage-at-risk/search-register/list-entry/30337,1009531,NA,cannot open the connection
https://historicengland.org.uk/advice/heritage-at-risk/search-register/list-entry/2069354,1009540,NA,cannot open the connection
https://historicengland.org.uk/advice/heritage-at-risk/search-register/list-entry/45218,1009543,NA,cannot open the connection
https://historicengland.org.uk/advice/heritage-at-risk/search-register/list-entry/26676,1009592,NA,cannot open the connection
https://historicengland.org.uk/advice/heritage-at-risk/search-register/list-entry/33271,1009613,NA,cannot open the connection
https://historicengland.org.uk/advice/heritage-at-risk/search-register/list-entry/33409,1009616,NA,cannot open the connection
https://historicengland.org.uk/advice/heritage-at-risk/search-register/list-entry/36679,1009905,NA,cannot open the connection
https://historicengland.org.uk/advice/heritage-at-risk/search-register/list-entry/31313,1009906,NA,cannot open the connection
https://historicengland.org.uk/advice/heritage-at-risk/search-register/list-entry/44674,1009908,NA,cannot open the connection
https://historicengland.org.uk/advice/heritage-at-risk/search-register/list-entry/31087,1009910,NA,cannot open the connection
https://historicengland.org.uk/advice/heritage-at-risk/search-register/list-entry/30414,1009916,NA,cannot open the connection
https://historicengland.org.uk/advice/heritage-at-risk/search-register/list-entry/29048,1009950,NA,cannot open the connection
https://historicengland.org.uk/advice/heritage-at-risk/search-register/list-entry/45924,1009989,NA,cannot open the connection
https://historicengland.org.uk/advice/heritage-at-risk/search-register/list-entry/38311,1010218,NA,cannot open the connection
https://historicengland.org.uk/advice/heritage-at-risk/search-register/list-entry/42400,1010248,NA,cannot open the connection
https://historicengland.org.uk/advice/heritage-at-risk/search-register/list-entry/33073,1010330,NA,cannot open the connection
https://historicengland.org.uk/advice/heritage-at-risk/search-register/list-entry/38730,1010331,NA,cannot open the connection
https://historicengland.org.uk/advice/heritage-at-risk/search-register/list-entry/38312,1010411,NA,cannot open the connection
https://historicengland.org.uk/advice/heritage-at-risk/search-register/list-entry/34785,1010419,NA,cannot open the connection
https://historicengland.org.uk/advice/heritage-at-risk/search-register/list-entry/40787,1010457,NA,cannot open the connection
https://historicengland.org.uk/advice/heritage-at-risk/search-register/list-entry/34201,1010463,NA,cannot open the connection
https://historicengland.org.uk/advice/heritage-at-risk/search-register/list-entry/39310,1010467,NA,cannot open the connection
https://historicengland.org.uk/advice/heritage-at-risk/search-register/list-entry/40657,1010518,NA,cannot open the connection
https://historicengland.org.uk/advice/heritage-at-risk/search-register/list-entry/35280,1010631,NA,cannot open the connection
https://historicengland.org.uk/advice/heritage-at-risk/search-register/list-entry/42304,1010632,NA,cannot open the connection
https://historicengland.org.uk/advice/heritage-at-risk/search-register/list-entry/42193,1010633,NA,cannot open the connection
https://historicengland.org.uk/advice/heritage-at-risk/search-register/list-entry/35394,1010638,NA,cannot open the connection
https://historicengland.org.uk/advice/heritage-at-risk/search-register/list-entry/35395,1010639,NA,cannot open the connection
https://historicengland.org.uk/advice/heritage-at-risk/search-register/list-entry/27935,1010741,NA,cannot open the connection
https://historicengland.org.uk/advice/heritage-at-risk/search-register/list-entry/36166,1010797,NA,cannot open the connection
https://historicengland.org.uk/advice/heritage-at-risk/search-register/list-entry/28789,1010966,NA,cannot open the connection
https://historicengland.org.uk/advice/heritage-at-risk/search-register/list-entry/29983,1011286,NA,cannot open the connection
https://historicengland.org.uk/advice/heritage-at-risk/search-register/list-entry/29673,1011747,NA,cannot open the connection
https://historicengland.org.uk/advice/heritage-at-risk/search-register/list-entry/49622,1011768,NA,cannot open the connection
https://historicengland.org.uk/advice/heritage-at-risk/search-register/list-entry/27180,1011806,NA,cannot open the connection
https://historicengland.org.uk/advice/heritage-at-risk/search-register/list-entry/29065,1012035,NA,cannot open the connection
https://historicengland.org.uk/advice/heritage-at-risk/search-register/list-entry/29066,1012037,NA,cannot open the connection
https://historicengland.org.uk/advice/heritage-at-risk/search-register/list-entry/30178,1012040,NA,cannot open the connection
https://historicengland.org.uk/advice/heritage-at-risk/search-register/list-entry/33857,1012128,NA,cannot open the connection
https://historicengland.org.uk/advice/heritage-at-risk/search-register/list-entry/45215,1012129,NA,cannot open the connection
https://historicengland.org.uk/advice/heritage-at-risk/search-register/list-entry/45219,1012190,NA,cannot open the connection
https://historicengland.org.uk/advice/heritage-at-risk/search-register/list-entry/33428,1012228,NA,cannot open the connection
https://historicengland.org.uk/advice/heritage-at-risk/search-register/list-entry/31627,1012301,NA,cannot open the connection
https://historicengland.org.uk/advice/heritage-at-risk/search-register/list-entry/37086,1012347,NA,cannot open the connection
https://historicengland.org.uk/advice/heritage-at-risk/search-register/list-entry/38726,1012375,NA,cannot open the connection
https://historicengland.org.uk/advice/heritage-at-risk/search-register/list-entry/33740,1012376,NA,cannot open the connection
https://historicengland.org.uk/advice/heritage-at-risk/search-register/list-entry/39969,1012390,NA,cannot open the connection
https://historicengland.org.uk/advice/heritage-at-risk/search-register/list-entry/34751,1012392,NA,cannot open the connection
https://historicengland.org.uk/advice/heritage-at-risk/search-register/list-entry/39303,1012510,NA,cannot open the connection
https://historicengland.org.uk/advice/heritage-at-risk/search-register/list-entry/33862,1012518,NA,cannot open the connection
https://historicengland.org.uk/advice/heritage-at-risk/search-register/list-entry/39304,1012544,NA,cannot open the connection
https://historicengland.org.uk/advice/heritage-at-risk/search-register/list-entry/28523,1012715,NA,cannot open the connection
https://historicengland.org.uk/advice/heritage-at-risk/search-register/list-entry/37247,1012855,NA,cannot open the connection
https://historicengland.org.uk/advice/heritage-at-risk/search-register/list-entry/34032,1012905,NA,cannot open the connection
https://historicengland.org.uk/advice/heritage-at-risk/search-register/list-entry/37568,1012993,NA,cannot open the connection
https://historicengland.org.uk/advice/heritage-at-risk/search-register/list-entry/27930,1012998,NA,cannot open the connection
https://historicengland.org.uk/advice/heritage-at-risk/search-register/list-entry/27486,1013009,NA,cannot open the connection
https://historicengland.org.uk/advice/heritage-at-risk/search-register/list-entry/27598,1013063,NA,cannot open the connection
https://historicengland.org.uk/advice/heritage-at-risk/search-register/list-entry/37041,1013249,NA,cannot open the connection
https://historicengland.org.uk/advice/heritage-at-risk/search-register/list-entry/42143,1013251,NA,cannot open the connection
https://historicengland.org.uk/advice/heritage-at-risk/search-register/list-entry/45700,1013255,NA,cannot open the connection
https://historicengland.org.uk/advice/heritage-at-risk/search-register/list-entry/36946,1013267,NA,cannot open the connection
https://historicengland.org.uk/advice/heritage-at-risk/search-register/list-entry/26192,1013338,NA,cannot open the connection
https://historicengland.org.uk/advice/heritage-at-risk/search-register/list-entry/39645,1013352,NA,cannot open the connection
https://historicengland.org.uk/advice/heritage-at-risk/search-register/list-entry/34754,1013353,NA,cannot open the connection
https://historicengland.org.uk/advice/heritage-at-risk/search-register/list-entry/39308,1013364,NA,cannot open the connection
https://historicengland.org.uk/advice/heritage-at-risk/search-register/list-entry/38737,1013366,NA,cannot open the connection
https://historicengland.org.uk/advice/heritage-at-risk/search-register/list-entry/46761,1013374,NA,cannot open the connection
https://historicengland.org.uk/advice/heritage-at-risk/search-register/list-entry/40104,1013389,NA,cannot open the connection
https://historicengland.org.uk/advice/heritage-at-risk/search-register/list-entry/37570,1013438,NA,cannot open the connection
https://historicengland.org.uk/advice/heritage-at-risk/search-register/list-entry/38048,1013545,NA,cannot open the connection
https://historicengland.org.uk/advice/heritage-at-risk/search-register/list-entry/44753,1013548,NA,cannot open the connection
https://historicengland.org.uk/advice/heritage-at-risk/search-register/list-entry/38274,1013549,NA,cannot open the connection
https://historicengland.org.uk/advice/heritage-at-risk/search-register/list-entry/35344,1013749,NA,cannot open the connection
https://historicengland.org.uk/advice/heritage-at-risk/search-register/list-entry/34096,1013773,NA,cannot open the connection
https://historicengland.org.uk/advice/heritage-at-risk/search-register/list-entry/34902,1013789,NA,cannot open the connection
https://historicengland.org.uk/advice/heritage-at-risk/search-register/list-entry/45030,1013792,NA,cannot open the connection
https://historicengland.org.uk/advice/heritage-at-risk/search-register/list-entry/37270,1013893,NA,cannot open the connection
https://historicengland.org.uk/advice/heritage-at-risk/search-register/list-entry/37629,1013902,NA,cannot open the connection
https://historicengland.org.uk/advice/heritage-at-risk/search-register/list-entry/37289,1013915,NA,cannot open the connection
https://historicengland.org.uk/advice/heritage-at-risk/search-register/list-entry/37269,1013925,NA,cannot open the connection
https://historicengland.org.uk/advice/heritage-at-risk/search-register/list-entry/39318,1013971,NA,cannot open the connection
https://historicengland.org.uk/advice/heritage-at-risk/search-register/list-entry/35551,1013984,NA,cannot open the connection
https://historicengland.org.uk/advice/heritage-at-risk/search-register/list-entry/34208,1013986,NA,cannot open the connection
https://historicengland.org.uk/advice/heritage-at-risk/search-register/list-entry/35999,1014027,NA,cannot open the connection
https://historicengland.org.uk/advice/heritage-at-risk/search-register/list-entry/39653,1014089,NA,cannot open the connection
https://historicengland.org.uk/advice/heritage-at-risk/search-register/list-entry/39317,1014092,NA,cannot open the connection
https://historicengland.org.uk/advice/heritage-at-risk/search-register/list-entry/41222,1014093,NA,cannot open the connection
https://historicengland.org.uk/advice/heritage-at-risk/search-register/list-entry/45463,1014094,NA,cannot open the connection
https://historicengland.org.uk/advice/heritage-at-risk/search-register/list-entry/34099,1014095,NA,cannot open the connection
https://historicengland.org.uk/advice/heritage-at-risk/search-register/list-entry/39654,1014096,NA,cannot open the connection
https://historicengland.org.uk/advice/heritage-at-risk/search-register/list-entry/34979,1014248,NA,cannot open the connection
https://historicengland.org.uk/advice/heritage-at-risk/search-register/list-entry/42562,1014250,NA,cannot open the connection
https://historicengland.org.uk/advice/heritage-at-risk/search-register/list-entry/34980,1014253,NA,cannot open the connection
https://historicengland.org.uk/advice/heritage-at-risk/search-register/list-entry/45107,1014254,NA,cannot open the connection
https://historicengland.org.uk/advice/heritage-at-risk/search-register/list-entry/41030,1014278,NA,cannot open the connection
https://historicengland.org.uk/advice/heritage-at-risk/search-register/list-entry/33462,1014438,NA,cannot open the connection
https://historicengland.org.uk/advice/heritage-at-risk/search-register/list-entry/27766,1014509,NA,cannot open the connection
https://historicengland.org.uk/advice/heritage-at-risk/search-register/list-entry/36757,1014677,NA,cannot open the connection
https://historicengland.org.uk/advice/heritage-at-risk/search-register/list-entry/45461,1014737,NA,cannot open the connection
https://historicengland.org.uk/advice/heritage-at-risk/search-register/list-entry/30901,1014751,NA,cannot open the connection
https://historicengland.org.uk/advice/heritage-at-risk/search-register/list-entry/30520,1014844,NA,cannot open the connection
https://historicengland.org.uk/advice/heritage-at-risk/search-register/list-entry/27898,1014930,NA,cannot open the connection
https://historicengland.org.uk/advice/heritage-at-risk/search-register/list-entry/36376,1014935,NA,cannot open the connection
https://historicengland.org.uk/advice/heritage-at-risk/search-register/list-entry/26687,1015007,NA,cannot open the connection
https://historicengland.org.uk/advice/heritage-at-risk/search-register/list-entry/44147,1015087,NA,cannot open the connection
https://historicengland.org.uk/advice/heritage-at-risk/search-register/list-entry/34534,1015153,NA,cannot open the connection
https://historicengland.org.uk/advice/heritage-at-risk/search-register/list-entry/42565,1015154,NA,cannot open the connection
https://historicengland.org.uk/advice/heritage-at-risk/search-register/list-entry/30309,1015207,NA,cannot open the connection
https://historicengland.org.uk/advice/heritage-at-risk/search-register/list-entry/31319,1015238,NA,cannot open the connection
https://historicengland.org.uk/advice/heritage-at-risk/search-register/list-entry/34914,1015365,NA,cannot open the connection
https://historicengland.org.uk/advice/heritage-at-risk/search-register/list-entry/34913,1015369,NA,cannot open the connection
https://historicengland.org.uk/advice/heritage-at-risk/search-register/list-entry/35356,1015373,NA,cannot open the connection
https://historicengland.org.uk/advice/heritage-at-risk/search-register/list-entry/32112,1015406,NA,cannot open the connection
https://historicengland.org.uk/advice/heritage-at-risk/search-register/list-entry/42298,1015472,NA,cannot open the connection
https://historicengland.org.uk/advice/heritage-at-risk/search-register/list-entry/31332,1015542,NA,cannot open the connection
https://historicengland.org.uk/advice/heritage-at-risk/search-register/list-entry/34466,1015696,NA,cannot open the connection
https://historicengland.org.uk/advice/heritage-at-risk/search-register/list-entry/34461,1015779,NA,cannot open the connection
https://historicengland.org.uk/advice/heritage-at-risk/search-register/list-entry/36602,1015783,NA,cannot open the connection
https://historicengland.org.uk/advice/heritage-at-risk/search-register/list-entry/27617,1015835,NA,cannot open the connection
https://historicengland.org.uk/advice/heritage-at-risk/search-register/list-entry/44682,1015915,NA,cannot open the connection
https://historicengland.org.uk/advice/heritage-at-risk/search-register/list-entry/49267,1015951,NA,cannot open the connection
https://historicengland.org.uk/advice/heritage-at-risk/search-register/list-entry/41736,1015973,NA,cannot open the connection
https://historicengland.org.uk/advice/heritage-at-risk/search-register/list-entry/34500,1015974,NA,cannot open the connection
https://historicengland.org.uk/advice/heritage-at-risk/search-register/list-entry/28153,1015981,NA,cannot open the connection
https://historicengland.org.uk/advice/heritage-at-risk/search-register/list-entry/33891,1016063,NA,cannot open the connection
https://historicengland.org.uk/advice/heritage-at-risk/search-register/list-entry/27787,1016138,NA,cannot open the connection
https://historicengland.org.uk/advice/heritage-at-risk/search-register/list-entry/27564,1016143,NA,cannot open the connection
https://historicengland.org.uk/advice/heritage-at-risk/search-register/list-entry/37717,1016215,NA,cannot open the connection
https://historicengland.org.uk/advice/heritage-at-risk/search-register/list-entry/38284,1016261,NA,cannot open the connection
https://historicengland.org.uk/advice/heritage-at-risk/search-register/list-entry/26424,1016410,NA,cannot open the connection
https://historicengland.org.uk/advice/heritage-at-risk/search-register/list-entry/40334,1016565,NA,cannot open the connection
https://historicengland.org.uk/advice/heritage-at-risk/search-register/list-entry/43393,1016666,NA,cannot open the connection
https://historicengland.org.uk/advice/heritage-at-risk/search-register/list-entry/36936,1016670,NA,cannot open the connection
https://historicengland.org.uk/advice/heritage-at-risk/search-register/list-entry/40780,1016779,NA,cannot open the connection
https://historicengland.org.uk/advice/heritage-at-risk/search-register/list-entry/45881,1016883,NA,cannot open the connection
https://historicengland.org.uk/advice/heritage-at-risk/search-register/list-entry/45598,1016887,NA,cannot open the connection
https://historicengland.org.uk/advice/heritage-at-risk/search-register/list-entry/44252,1017035,NA,cannot open the connection
https://historicengland.org.uk/advice/heritage-at-risk/search-register/list-entry/42091,1017084,NA,cannot open the connection
https://historicengland.org.uk/advice/heritage-at-risk/search-register/list-entry/44336,1017134,NA,cannot open the connection
https://historicengland.org.uk/advice/heritage-at-risk/search-register/list-entry/30748,1017167,NA,cannot open the connection
https://historicengland.org.uk/advice/heritage-at-risk/search-register/list-entry/26737,1017202,NA,cannot open the connection
https://historicengland.org.uk/advice/heritage-at-risk/search-register/list-entry/45730,1017276,NA,cannot open the connection
https://historicengland.org.uk/advice/heritage-at-risk/search-register/list-entry/42711,1017333,NA,cannot open the connection
https://historicengland.org.uk/advice/heritage-at-risk/search-register/list-entry/47930,1017535,NA,cannot open the connection
https://historicengland.org.uk/advice/heritage-at-risk/search-register/list-entry/42788,1017585,NA,cannot open the connection
https://historicengland.org.uk/advice/heritage-at-risk/search-register/list-entry/29894,1017633,NA,cannot open the connection
https://historicengland.org.uk/advice/heritage-at-risk/search-register/list-entry/43996,1017713,NA,cannot open the connection
https://historicengland.org.uk/advice/heritage-at-risk/search-register/list-entry/40566,1017731,NA,cannot open the connection
https://historicengland.org.uk/advice/heritage-at-risk/search-register/list-entry/36222,1017774,NA,cannot open the connection
https://historicengland.org.uk/advice/heritage-at-risk/search-register/list-entry/45919,1017810,NA,cannot open the connection
https://historicengland.org.uk/advice/heritage-at-risk/search-register/list-entry/26688,1017881,NA,cannot open the connection
https://historicengland.org.uk/advice/heritage-at-risk/search-register/list-entry/37714,1017951,NA,cannot open the connection
https://historicengland.org.uk/advice/heritage-at-risk/search-register/list-entry/41782,1017953,NA,cannot open the connection
https://historicengland.org.uk/advice/heritage-at-risk/search-register/list-entry/34578,1018006,NA,cannot open the connection
https://historicengland.org.uk/advice/heritage-at-risk/search-register/list-entry/45724,1018028,NA,cannot open the connection
https://historicengland.org.uk/advice/heritage-at-risk/search-register/list-entry/32416,1018139,NA,cannot open the connection
https://historicengland.org.uk/advice/heritage-at-risk/search-register/list-entry/31517,1018144,NA,cannot open the connection
https://historicengland.org.uk/advice/heritage-at-risk/search-register/list-entry/44856,1018163,NA,cannot open the connection
https://historicengland.org.uk/advice/heritage-at-risk/search-register/list-entry/41633,1018167,NA,cannot open the connection
https://historicengland.org.uk/advice/heritage-at-risk/search-register/list-entry/33895,1018205,NA,cannot open the connection
https://historicengland.org.uk/advice/heritage-at-risk/search-register/list-entry/45846,1018361,NA,cannot open the connection
https://historicengland.org.uk/advice/heritage-at-risk/search-register/list-entry/34471,1018413,NA,cannot open the connection
https://historicengland.org.uk/advice/heritage-at-risk/search-register/list-entry/45721,1018436,NA,cannot open the connection
https://historicengland.org.uk/advice/heritage-at-risk/search-register/list-entry/28013,1018441,NA,cannot open the connection
https://historicengland.org.uk/advice/heritage-at-risk/search-register/list-entry/42926,1018862,NA,cannot open the connection
https://historicengland.org.uk/advice/heritage-at-risk/search-register/list-entry/32530,1019118,NA,cannot open the connection
https://historicengland.org.uk/advice/heritage-at-risk/search-register/list-entry/32531,1019119,NA,cannot open the connection
https://historicengland.org.uk/advice/heritage-at-risk/search-register/list-entry/28509,1019120,NA,cannot open the connection
https://historicengland.org.uk/advice/heritage-at-risk/search-register/list-entry/46670,1019123,NA,cannot open the connection
https://historicengland.org.uk/advice/heritage-at-risk/search-register/list-entry/29927,1019130,NA,cannot open the connection
https://historicengland.org.uk/advice/heritage-at-risk/search-register/list-entry/31912,1019186,NA,cannot open the connection
https://historicengland.org.uk/advice/heritage-at-risk/search-register/list-entry/36236,1019252,NA,cannot open the connection
https://historicengland.org.uk/advice/heritage-at-risk/search-register/list-entry/42506,1019394,NA,cannot open the connection
https://historicengland.org.uk/advice/heritage-at-risk/search-register/list-entry/40933,1019421,NA,cannot open the connection
https://historicengland.org.uk/advice/heritage-at-risk/search-register/list-entry/33104,1019507,NA,cannot open the connection
https://historicengland.org.uk/advice/heritage-at-risk/search-register/list-entry/45813,1019546,NA,cannot open the connection
https://historicengland.org.uk/advice/heritage-at-risk/search-register/list-entry/33226,1019616,NA,cannot open the connection
https://historicengland.org.uk/advice/heritage-at-risk/search-register/list-entry/34474,1019639,NA,cannot open the connection
https://historicengland.org.uk/advice/heritage-at-risk/search-register/list-entry/29926,1019874,NA,cannot open the connection
https://historicengland.org.uk/advice/heritage-at-risk/search-register/list-entry/44909,1019969,NA,cannot open the connection
https://historicengland.org.uk/advice/heritage-at-risk/search-register/list-entry/26803,1019983,NA,cannot open the connection
https://historicengland.org.uk/advice/heritage-at-risk/search-register/list-entry/2703694,1020122,NA,cannot open the connection
https://historicengland.org.uk/advice/heritage-at-risk/search-register/list-entry/43060,1020275,NA,cannot open the connection
https://historicengland.org.uk/advice/heritage-at-risk/search-register/list-entry/45051,1020444,NA,cannot open the connection
https://historicengland.org.uk/advice/heritage-at-risk/search-register/list-entry/28626,1020511,NA,cannot open the connection
https://historicengland.org.uk/advice/heritage-at-risk/search-register/list-entry/36614,1020729,NA,cannot open the connection
https://historicengland.org.uk/advice/heritage-at-risk/search-register/list-entry/45475,1020962,NA,cannot open the connection
https://historicengland.org.uk/advice/heritage-at-risk/search-register/list-entry/50111,1021107,NA,cannot open the connection
https://historicengland.org.uk/advice/heritage-at-risk/search-register/list-entry/44428,1021175,NA,cannot open the connection
https://historicengland.org.uk/advice/heritage-at-risk/search-register/list-entry/36488,1021223,NA,cannot open the connection
https://historicengland.org.uk/advice/heritage-at-risk/search-register/list-entry/40050,1021261,NA,cannot open the connection
https://historicengland.org.uk/advice/heritage-at-risk/search-register/list-entry/42065,1021264,NA,cannot open the connection
https://historicengland.org.uk/advice/heritage-at-risk/search-register/list-entry/37843,1021367,NA,cannot open the connection
https://historicengland.org.uk/advice/heritage-at-risk/search-register/list-entry/43249,1021403,NA,cannot open the connection
https://historicengland.org.uk/advice/heritage-at-risk/search-register/list-entry/43739,1021417,NA,cannot open the connection
https://historicengland.org.uk/advice/heritage-at-risk/search-register/list-entry/37010,1021441,NA,cannot open the connection
https://historicengland.org.uk/advice/heritage-at-risk/search-register/list-entry/409090,1417363,NA,cannot open the connection
https://historicengland.org.uk/advice/heritage-at-risk/search-register/list-entry/24969,1000535,NA,cannot open the connection
https://historicengland.org.uk/advice/heritage-at-risk/search-register/list-entry/25274,1000563,NA,cannot open the connection
https://historicengland.org.uk/advice/heritage-at-risk/search-register/list-entry/26112,1000789,NA,cannot open the connection
https://historicengland.org.uk/advice/heritage-at-risk/search-register/list-entry/26105,1000945,NA,cannot open the connection
https://historicengland.org.uk/advice/heritage-at-risk/search-register/list-entry/24683,1000971,NA,cannot open the connection
https://historicengland.org.uk/advice/heritage-at-risk/search-register/list-entry/24754,1001391,NA,cannot open the connection
https://historicengland.org.uk/advice/heritage-at-risk/search-register/list-entry/25879,1001528,NA,cannot open the connection
https://historicengland.org.uk/advice/heritage-at-risk/search-register/list-entry/46788,1025273,NA,cannot open the connection
https://historicengland.org.uk/advice/heritage-at-risk/search-register/list-entry/20425,1030531,NA,cannot open the connection
https://historicengland.org.uk/advice/heritage-at-risk/search-register/list-entry/10730,1031774,NA,cannot open the connection
https://historicengland.org.uk/advice/heritage-at-risk/search-register/list-entry/57923,1031858,NA,cannot open the connection
https://historicengland.org.uk/advice/heritage-at-risk/search-register/list-entry/49246,1031864,NA,cannot open the connection
https://historicengland.org.uk/advice/heritage-at-risk/search-register/list-entry/23327,1032497,NA,cannot open the connection
https://historicengland.org.uk/advice/heritage-at-risk/search-register/list-entry/17558,1032540,NA,cannot open the connection
https://historicengland.org.uk/advice/heritage-at-risk/search-register/list-entry/14169,1032794,NA,cannot open the connection
https://historicengland.org.uk/advice/heritage-at-risk/search-register/list-entry/12636,1034139,NA,cannot open the connection
https://historicengland.org.uk/advice/heritage-at-risk/search-register/list-entry/12855,1034494,NA,cannot open the connection
https://historicengland.org.uk/advice/heritage-at-risk/search-register/list-entry/21800,1035567,NA,cannot open the connection
https://historicengland.org.uk/advice/heritage-at-risk/search-register/list-entry/23010,1037739,NA,cannot open the connection
https://historicengland.org.uk/advice/heritage-at-risk/search-register/list-entry/46974,1038830,NA,cannot open the connection
https://historicengland.org.uk/advice/heritage-at-risk/search-register/list-entry/369915,1038893,NA,cannot open the connection
https://historicengland.org.uk/advice/heritage-at-risk/search-register/list-entry/18184,1039722,NA,cannot open the connection
https://historicengland.org.uk/advice/heritage-at-risk/search-register/list-entry/46238,1040083,NA,cannot open the connection
https://historicengland.org.uk/advice/heritage-at-risk/search-register/list-entry/19484,1040666,NA,cannot open the connection
https://historicengland.org.uk/advice/heritage-at-risk/search-register/list-entry/21193,1040676,NA,cannot open the connection
https://historicengland.org.uk/advice/heritage-at-risk/search-register/list-entry/16575,1041021,NA,cannot open the connection
https://historicengland.org.uk/advice/heritage-at-risk/search-register/list-entry/65497,1042214,NA,cannot open the connection
https://historicengland.org.uk/advice/heritage-at-risk/search-register/list-entry/24370,1043939,NA,cannot open the connection
https://historicengland.org.uk/advice/heritage-at-risk/search-register/list-entry/16892,1045129,NA,cannot open the connection
https://historicengland.org.uk/advice/heritage-at-risk/search-register/list-entry/18616,1045650,NA,cannot open the connection
https://historicengland.org.uk/advice/heritage-at-risk/search-register/list-entry/68276,1045917,NA,cannot open the connection
https://historicengland.org.uk/advice/heritage-at-risk/search-register/list-entry/10106,1048641,NA,cannot open the connection
https://historicengland.org.uk/advice/heritage-at-risk/search-register/list-entry/48688,1049485,NA,cannot open the connection
https://historicengland.org.uk/advice/heritage-at-risk/search-register/list-entry/72571,1051898,NA,cannot open the connection
https://historicengland.org.uk/advice/heritage-at-risk/search-register/list-entry/16026,1056904,NA,cannot open the connection
https://historicengland.org.uk/advice/heritage-at-risk/search-register/list-entry/15347,1056959,NA,cannot open the connection
https://historicengland.org.uk/advice/heritage-at-risk/search-register/list-entry/18914,1057052,NA,cannot open the connection
https://historicengland.org.uk/advice/heritage-at-risk/search-register/list-entry/18560,1059951,NA,cannot open the connection
https://historicengland.org.uk/advice/heritage-at-risk/search-register/list-entry/389457,1060281,NA,cannot open the connection
https://historicengland.org.uk/advice/heritage-at-risk/search-register/list-entry/20932,1060376,NA,cannot open the connection
https://historicengland.org.uk/advice/heritage-at-risk/search-register/list-entry/10080,1061273,NA,cannot open the connection
https://historicengland.org.uk/advice/heritage-at-risk/search-register/list-entry/50071,1061361,NA,cannot open the connection
https://historicengland.org.uk/advice/heritage-at-risk/search-register/list-entry/18942,1061441,NA,cannot open the connection
https://historicengland.org.uk/advice/heritage-at-risk/search-register/list-entry/18074,1062005,NA,cannot open the connection
https://historicengland.org.uk/advice/heritage-at-risk/search-register/list-entry/17737,1062014,NA,cannot open the connection
https://historicengland.org.uk/advice/heritage-at-risk/search-register/list-entry/46295,1063361,NA,cannot open the connection
https://historicengland.org.uk/advice/heritage-at-risk/search-register/list-entry/48458,1063417,NA,cannot open the connection
https://historicengland.org.uk/advice/heritage-at-risk/search-register/list-entry/46224,1063419,NA,cannot open the connection
https://historicengland.org.uk/advice/heritage-at-risk/search-register/list-entry/11010,1064425,NA,cannot open the connection
https://historicengland.org.uk/advice/heritage-at-risk/search-register/list-entry/50190,1064983,NA,cannot open the connection
https://historicengland.org.uk/advice/heritage-at-risk/search-register/list-entry/50196,1064988,NA,cannot open the connection
https://historicengland.org.uk/advice/heritage-at-risk/search-register/list-entry/50194,1064995,NA,cannot open the connection
https://historicengland.org.uk/advice/heritage-at-risk/search-register/list-entry/50185,1065020,NA,cannot open the connection
https://historicengland.org.uk/advice/heritage-at-risk/search-register/list-entry/50073,1065021,NA,cannot open the connection
https://historicengland.org.uk/advice/heritage-at-risk/search-register/list-entry/82042,1065062,NA,cannot open the connection
https://historicengland.org.uk/advice/heritage-at-risk/search-register/list-entry/82083,1065122,NA,cannot open the connection
https://historicengland.org.uk/advice/heritage-at-risk/search-register/list-entry/49741,1065276,NA,cannot open the connection
https://historicengland.org.uk/advice/heritage-at-risk/search-register/list-entry/82423,1065586,NA,cannot open the connection
https://historicengland.org.uk/advice/heritage-at-risk/search-register/list-entry/49225,1065590,NA,cannot open the connection
https://historicengland.org.uk/advice/heritage-at-risk/search-register/list-entry/82480,1065671,NA,cannot open the connection
https://historicengland.org.uk/advice/heritage-at-risk/search-register/list-entry/82543,1065752,NA,cannot open the connection
https://historicengland.org.uk/advice/heritage-at-risk/search-register/list-entry/50166,1065788,NA,cannot open the connection
https://historicengland.org.uk/advice/heritage-at-risk/search-register/list-entry/50065,1066393,NA,cannot open the connection
https://historicengland.org.uk/advice/heritage-at-risk/search-register/list-entry/19564,1067273,NA,cannot open the connection
https://historicengland.org.uk/advice/heritage-at-risk/search-register/list-entry/87323,1072201,NA,cannot open the connection
https://historicengland.org.uk/advice/heritage-at-risk/search-register/list-entry/88613,1074006,NA,cannot open the connection
https://historicengland.org.uk/advice/heritage-at-risk/search-register/list-entry/17244,1074123,NA,cannot open the connection
https://historicengland.org.uk/advice/heritage-at-risk/search-register/list-entry/88868,1074386,NA,cannot open the connection
https://historicengland.org.uk/advice/heritage-at-risk/search-register/list-entry/18575,1074839,NA,cannot open the connection
https://historicengland.org.uk/advice/heritage-at-risk/search-register/list-entry/10007,1075998,NA,cannot open the connection
https://historicengland.org.uk/advice/heritage-at-risk/search-register/list-entry/90385,1076621,NA,cannot open the connection
https://historicengland.org.uk/advice/heritage-at-risk/search-register/list-entry/47335,1078355,NA,cannot open the connection
https://historicengland.org.uk/advice/heritage-at-risk/search-register/list-entry/91963,1078879,NA,cannot open the connection
https://historicengland.org.uk/advice/heritage-at-risk/search-register/list-entry/50148,1079000,NA,cannot open the connection
https://historicengland.org.uk/advice/heritage-at-risk/search-register/list-entry/50084,1079026,NA,cannot open the connection
https://historicengland.org.uk/advice/heritage-at-risk/search-register/list-entry/49929,1079237,NA,cannot open the connection
https://historicengland.org.uk/advice/heritage-at-risk/search-register/list-entry/48885,1079603,NA,cannot open the connection
https://historicengland.org.uk/advice/heritage-at-risk/search-register/list-entry/49960,1079648,NA,cannot open the connection
https://historicengland.org.uk/advice/heritage-at-risk/search-register/list-entry/50145,1079749,NA,cannot open the connection
https://historicengland.org.uk/advice/heritage-at-risk/search-register/list-entry/47447,1079878,NA,cannot open the connection
https://historicengland.org.uk/advice/heritage-at-risk/search-register/list-entry/50070,1080371,NA,cannot open the connection
https://historicengland.org.uk/advice/heritage-at-risk/search-register/list-entry/93076,1080484,NA,cannot open the connection
https://historicengland.org.uk/advice/heritage-at-risk/search-register/list-entry/49932,1080723,NA,cannot open the connection
https://historicengland.org.uk/advice/heritage-at-risk/search-register/list-entry/50201,1080904,NA,cannot open the connection
https://historicengland.org.uk/advice/heritage-at-risk/search-register/list-entry/48637,1080980,NA,cannot open the connection
https://historicengland.org.uk/advice/heritage-at-risk/search-register/list-entry/48643,1080982,NA,cannot open the connection
https://historicengland.org.uk/advice/heritage-at-risk/search-register/list-entry/49752,1081047,NA,cannot open the connection
https://historicengland.org.uk/advice/heritage-at-risk/search-register/list-entry/24063,1081799,NA,cannot open the connection
https://historicengland.org.uk/advice/heritage-at-risk/search-register/list-entry/12810,1086674,NA,cannot open the connection
https://historicengland.org.uk/advice/heritage-at-risk/search-register/list-entry/17236,1087346,NA,cannot open the connection
https://historicengland.org.uk/advice/heritage-at-risk/search-register/list-entry/10712,1087866,NA,cannot open the connection
https://historicengland.org.uk/advice/heritage-at-risk/search-register/list-entry/49994,1088081,NA,cannot open the connection
https://historicengland.org.uk/advice/heritage-at-risk/search-register/list-entry/23903,1089794,NA,cannot open the connection
https://historicengland.org.uk/advice/heritage-at-risk/search-register/list-entry/47424,1096950,NA,cannot open the connection
https://historicengland.org.uk/advice/heritage-at-risk/search-register/list-entry/21396,1098989,NA,cannot open the connection
https://historicengland.org.uk/advice/heritage-at-risk/search-register/list-entry/107574,1099834,NA,cannot open the connection
https://historicengland.org.uk/advice/heritage-at-risk/search-register/list-entry/13520,1100088,NA,cannot open the connection
https://historicengland.org.uk/advice/heritage-at-risk/search-register/list-entry/9897,1100167,NA,cannot open the connection
https://historicengland.org.uk/advice/heritage-at-risk/search-register/list-entry/18777,1100179,NA,cannot open the connection
https://historicengland.org.uk/advice/heritage-at-risk/search-register/list-entry/15171,1100286,NA,cannot open the connection
https://historicengland.org.uk/advice/heritage-at-risk/search-register/list-entry/16820,1101743,NA,cannot open the connection
https://historicengland.org.uk/advice/heritage-at-risk/search-register/list-entry/111179,1104742,NA,cannot open the connection
https://historicengland.org.uk/advice/heritage-at-risk/search-register/list-entry/12674,1108470,NA,cannot open the connection
https://historicengland.org.uk/advice/heritage-at-risk/search-register/list-entry/46821,1110694,NA,cannot open the connection
https://historicengland.org.uk/advice/heritage-at-risk/search-register/list-entry/23237,1113246,NA,cannot open the connection
https://historicengland.org.uk/advice/heritage-at-risk/search-register/list-entry/49114,1118999,NA,cannot open the connection
https://historicengland.org.uk/advice/heritage-at-risk/search-register/list-entry/46822,1119849,NA,cannot open the connection
https://historicengland.org.uk/advice/heritage-at-risk/search-register/list-entry/19885,1120748,NA,cannot open the connection
https://historicengland.org.uk/advice/heritage-at-risk/search-register/list-entry/50195,1120820,NA,cannot open the connection
https://historicengland.org.uk/advice/heritage-at-risk/search-register/list-entry/48255,1121116,NA,cannot open the connection
https://historicengland.org.uk/advice/heritage-at-risk/search-register/list-entry/123437,1121262,NA,cannot open the connection
https://historicengland.org.uk/advice/heritage-at-risk/search-register/list-entry/24178,1123570,NA,cannot open the connection
https://historicengland.org.uk/advice/heritage-at-risk/search-register/list-entry/46056,1123776,NA,cannot open the connection
https://historicengland.org.uk/advice/heritage-at-risk/search-register/list-entry/17984,1125743,NA,cannot open the connection
https://historicengland.org.uk/advice/heritage-at-risk/search-register/list-entry/127398,1126669,NA,cannot open the connection
https://historicengland.org.uk/advice/heritage-at-risk/search-register/list-entry/21954,1126818,NA,cannot open the connection
https://historicengland.org.uk/advice/heritage-at-risk/search-register/list-entry/20845,1127592,NA,cannot open the connection
https://historicengland.org.uk/advice/heritage-at-risk/search-register/list-entry/15451,1127774,NA,cannot open the connection
https://historicengland.org.uk/advice/heritage-at-risk/search-register/list-entry/48686,1130123,NA,cannot open the connection
https://historicengland.org.uk/advice/heritage-at-risk/search-register/list-entry/17982,1130830,NA,cannot open the connection
https://historicengland.org.uk/advice/heritage-at-risk/search-register/list-entry/49731,1134675,NA,cannot open the connection
https://historicengland.org.uk/advice/heritage-at-risk/search-register/list-entry/15161,1134677,NA,cannot open the connection
https://historicengland.org.uk/advice/heritage-at-risk/search-register/list-entry/49955,1135604,NA,cannot open the connection
https://historicengland.org.uk/advice/heritage-at-risk/search-register/list-entry/21114,1137817,NA,cannot open the connection
https://historicengland.org.uk/advice/heritage-at-risk/search-register/list-entry/13256,1138523,NA,cannot open the connection
https://historicengland.org.uk/advice/heritage-at-risk/search-register/list-entry/136233,1138721,NA,cannot open the connection
https://historicengland.org.uk/advice/heritage-at-risk/search-register/list-entry/11448,1139326,NA,cannot open the connection
https://historicengland.org.uk/advice/heritage-at-risk/search-register/list-entry/136865,1139613,NA,cannot open the connection
https://historicengland.org.uk/advice/heritage-at-risk/search-register/list-entry/16544,1139628,NA,cannot open the connection
https://historicengland.org.uk/advice/heritage-at-risk/search-register/list-entry/50276,1142639,NA,cannot open the connection
https://historicengland.org.uk/advice/heritage-at-risk/search-register/list-entry/48272,1144292,NA,cannot open the connection
https://historicengland.org.uk/advice/heritage-at-risk/search-register/list-entry/18949,1144493,NA,cannot open the connection
https://historicengland.org.uk/advice/heritage-at-risk/search-register/list-entry/12364,1144575,NA,cannot open the connection
https://historicengland.org.uk/advice/heritage-at-risk/search-register/list-entry/141357,1145414,NA,cannot open the connection
https://historicengland.org.uk/advice/heritage-at-risk/search-register/list-entry/141507,1145607,NA,cannot open the connection
https://historicengland.org.uk/advice/heritage-at-risk/search-register/list-entry/14423,1149791,NA,cannot open the connection
https://historicengland.org.uk/advice/heritage-at-risk/search-register/list-entry/17651,1152169,NA,cannot open the connection
https://historicengland.org.uk/advice/heritage-at-risk/search-register/list-entry/17639,1152351,NA,cannot open the connection
https://historicengland.org.uk/advice/heritage-at-risk/search-register/list-entry/50003,1152606,NA,cannot open the connection
https://historicengland.org.uk/advice/heritage-at-risk/search-register/list-entry/13681,1153103,NA,cannot open the connection
https://historicengland.org.uk/advice/heritage-at-risk/search-register/list-entry/10427,1153374,NA,cannot open the connection
https://historicengland.org.uk/advice/heritage-at-risk/search-register/list-entry/408310,1157325,NA,cannot open the connection
https://historicengland.org.uk/advice/heritage-at-risk/search-register/list-entry/49857,1157463,NA,cannot open the connection
https://historicengland.org.uk/advice/heritage-at-risk/search-register/list-entry/152263,1160320,NA,cannot open the connection
https://historicengland.org.uk/advice/heritage-at-risk/search-register/list-entry/153918,1162537,NA,cannot open the connection
https://historicengland.org.uk/advice/heritage-at-risk/search-register/list-entry/15951,1164317,NA,cannot open the connection
https://historicengland.org.uk/advice/heritage-at-risk/search-register/list-entry/19211,1165123,NA,cannot open the connection
https://historicengland.org.uk/advice/heritage-at-risk/search-register/list-entry/16433,1166506,NA,cannot open the connection
https://historicengland.org.uk/advice/heritage-at-risk/search-register/list-entry/158425,1168647,NA,cannot open the connection
https://historicengland.org.uk/advice/heritage-at-risk/search-register/list-entry/18082,1169192,NA,cannot open the connection
https://historicengland.org.uk/advice/heritage-at-risk/search-register/list-entry/19587,1172312,NA,cannot open the connection
https://historicengland.org.uk/advice/heritage-at-risk/search-register/list-entry/15930,1172419,NA,cannot open the connection
https://historicengland.org.uk/advice/heritage-at-risk/search-register/list-entry/20411,1172665,NA,cannot open the connection
https://historicengland.org.uk/advice/heritage-at-risk/search-register/list-entry/23379,1172799,NA,cannot open the connection
https://historicengland.org.uk/advice/heritage-at-risk/search-register/list-entry/404112,1172811,NA,cannot open the connection
https://historicengland.org.uk/advice/heritage-at-risk/search-register/list-entry/48818,1175515,NA,cannot open the connection
https://historicengland.org.uk/advice/heritage-at-risk/search-register/list-entry/12935,1176369,NA,cannot open the connection
https://historicengland.org.uk/advice/heritage-at-risk/search-register/list-entry/164833,1177337,NA,cannot open the connection
https://historicengland.org.uk/advice/heritage-at-risk/search-register/list-entry/10981,1177353,NA,cannot open the connection
https://historicengland.org.uk/advice/heritage-at-risk/search-register/list-entry/14434,1177711,NA,cannot open the connection
https://historicengland.org.uk/advice/heritage-at-risk/search-register/list-entry/18916,1178832,NA,cannot open the connection
https://historicengland.org.uk/advice/heritage-at-risk/search-register/list-entry/18059,1178997,NA,cannot open the connection
https://historicengland.org.uk/advice/heritage-at-risk/search-register/list-entry/13227,1179120,NA,cannot open the connection
https://historicengland.org.uk/advice/heritage-at-risk/search-register/list-entry/166641,1179760,NA,cannot open the connection
https://historicengland.org.uk/advice/heritage-at-risk/search-register/list-entry/20977,1179943,NA,cannot open the connection
https://historicengland.org.uk/advice/heritage-at-risk/search-register/list-entry/10093,1181905,NA,cannot open the connection
https://historicengland.org.uk/advice/heritage-at-risk/search-register/list-entry/20342,1182858,NA,cannot open the connection
https://historicengland.org.uk/advice/heritage-at-risk/search-register/list-entry/19388,1186976,NA,cannot open the connection
https://historicengland.org.uk/advice/heritage-at-risk/search-register/list-entry/21171,1188455,NA,cannot open the connection
https://historicengland.org.uk/advice/heritage-at-risk/search-register/list-entry/16634,1188722,NA,cannot open the connection
https://historicengland.org.uk/advice/heritage-at-risk/search-register/list-entry/19240,1189978,NA,cannot open the connection
https://historicengland.org.uk/advice/heritage-at-risk/search-register/list-entry/13805,1190715,NA,cannot open the connection
https://historicengland.org.uk/advice/heritage-at-risk/search-register/list-entry/48725,1192178,NA,cannot open the connection
https://historicengland.org.uk/advice/heritage-at-risk/search-register/list-entry/176738,1193943,NA,cannot open the connection
https://historicengland.org.uk/advice/heritage-at-risk/search-register/list-entry/49968,1194165,NA,cannot open the connection
https://historicengland.org.uk/advice/heritage-at-risk/search-register/list-entry/10767,1195583,NA,cannot open the connection
https://historicengland.org.uk/advice/heritage-at-risk/search-register/list-entry/19364,1199139,NA,cannot open the connection
https://historicengland.org.uk/advice/heritage-at-risk/search-register/list-entry/21568,1201807,NA,cannot open the connection
https://historicengland.org.uk/advice/heritage-at-risk/search-register/list-entry/49997,1202096,NA,cannot open the connection
https://historicengland.org.uk/advice/heritage-at-risk/search-register/list-entry/49868,1202444,NA,cannot open the connection
https://historicengland.org.uk/advice/heritage-at-risk/search-register/list-entry/49343,1204934,NA,cannot open the connection
https://historicengland.org.uk/advice/heritage-at-risk/search-register/list-entry/50092,1205905,NA,cannot open the connection
https://historicengland.org.uk/advice/heritage-at-risk/search-register/list-entry/409222,1208056,NA,cannot open the connection
https://historicengland.org.uk/advice/heritage-at-risk/search-register/list-entry/13078,1209007,NA,cannot open the connection
https://historicengland.org.uk/advice/heritage-at-risk/search-register/list-entry/21705,1211414,NA,cannot open the connection
https://historicengland.org.uk/advice/heritage-at-risk/search-register/list-entry/48956,1213695,NA,cannot open the connection
https://historicengland.org.uk/advice/heritage-at-risk/search-register/list-entry/22504,1215375,NA,cannot open the connection
https://historicengland.org.uk/advice/heritage-at-risk/search-register/list-entry/191741,1216622,NA,cannot open the connection
https://historicengland.org.uk/advice/heritage-at-risk/search-register/list-entry/49773,1219078,NA,cannot open the connection
https://historicengland.org.uk/advice/heritage-at-risk/search-register/list-entry/193884,1219732,NA,cannot open the connection
https://historicengland.org.uk/advice/heritage-at-risk/search-register/list-entry/47030,1220997,NA,cannot open the connection
https://historicengland.org.uk/advice/heritage-at-risk/search-register/list-entry/20448,1221288,NA,cannot open the connection
https://historicengland.org.uk/advice/heritage-at-risk/search-register/list-entry/21960,1222368,NA,cannot open the connection
https://historicengland.org.uk/advice/heritage-at-risk/search-register/list-entry/2703712,1224125,NA,cannot open the connection
https://historicengland.org.uk/advice/heritage-at-risk/search-register/list-entry/48010,1224677,NA,cannot open the connection
https://historicengland.org.uk/advice/heritage-at-risk/search-register/list-entry/19294,1225878,NA,cannot open the connection
https://historicengland.org.uk/advice/heritage-at-risk/search-register/list-entry/47911,1226416,NA,cannot open the connection
https://historicengland.org.uk/advice/heritage-at-risk/search-register/list-entry/47575,1226591,NA,cannot open the connection
https://historicengland.org.uk/advice/heritage-at-risk/search-register/list-entry/49259,1226848,NA,cannot open the connection
https://historicengland.org.uk/advice/heritage-at-risk/search-register/list-entry/16764,1229992,NA,cannot open the connection
https://historicengland.org.uk/advice/heritage-at-risk/search-register/list-entry/17317,1231690,NA,cannot open the connection
https://historicengland.org.uk/advice/heritage-at-risk/search-register/list-entry/393550,1234622,NA,cannot open the connection
https://historicengland.org.uk/advice/heritage-at-risk/search-register/list-entry/22071,1235288,NA,cannot open the connection
https://historicengland.org.uk/advice/heritage-at-risk/search-register/list-entry/49848,1235318,NA,cannot open the connection
https://historicengland.org.uk/advice/heritage-at-risk/search-register/list-entry/49050,1235414,NA,cannot open the connection
https://historicengland.org.uk/advice/heritage-at-risk/search-register/list-entry/47236,1237569,NA,cannot open the connection
https://historicengland.org.uk/advice/heritage-at-risk/search-register/list-entry/12394,1237953,NA,cannot open the connection
https://historicengland.org.uk/advice/heritage-at-risk/search-register/list-entry/22473,1239817,NA,cannot open the connection
https://historicengland.org.uk/advice/heritage-at-risk/search-register/list-entry/18017,1241734,NA,cannot open the connection
https://historicengland.org.uk/advice/heritage-at-risk/search-register/list-entry/49743,1242275,NA,cannot open the connection
https://historicengland.org.uk/advice/heritage-at-risk/search-register/list-entry/213016,1245418,NA,cannot open the connection
https://historicengland.org.uk/advice/heritage-at-risk/search-register/list-entry/47830,1245849,NA,cannot open the connection
https://historicengland.org.uk/advice/heritage-at-risk/search-register/list-entry/50222,1245932,NA,cannot open the connection
https://historicengland.org.uk/advice/heritage-at-risk/search-register/list-entry/50239,1246097,NA,cannot open the connection
https://historicengland.org.uk/advice/heritage-at-risk/search-register/list-entry/50257,1246098,NA,cannot open the connection
https://historicengland.org.uk/advice/heritage-at-risk/search-register/list-entry/48240,1247012,NA,cannot open the connection
https://historicengland.org.uk/advice/heritage-at-risk/search-register/list-entry/346122,1247875,NA,cannot open the connection
https://historicengland.org.uk/advice/heritage-at-risk/search-register/list-entry/214973,1248425,NA,cannot open the connection
https://historicengland.org.uk/advice/heritage-at-risk/search-register/list-entry/407857,1249282,NA,cannot open the connection
https://historicengland.org.uk/advice/heritage-at-risk/search-register/list-entry/50189,1250576,NA,cannot open the connection
https://historicengland.org.uk/advice/heritage-at-risk/search-register/list-entry/50191,1250584,NA,cannot open the connection
https://historicengland.org.uk/advice/heritage-at-risk/search-register/list-entry/50192,1250589,NA,cannot open the connection
https://historicengland.org.uk/advice/heritage-at-risk/search-register/list-entry/50188,1250680,NA,cannot open the connection
https://historicengland.org.uk/advice/heritage-at-risk/search-register/list-entry/50187,1250687,NA,cannot open the connection
https://historicengland.org.uk/advice/heritage-at-risk/search-register/list-entry/15825,1251447,NA,cannot open the connection
https://historicengland.org.uk/advice/heritage-at-risk/search-register/list-entry/21689,1252173,NA,cannot open the connection
https://historicengland.org.uk/advice/heritage-at-risk/search-register/list-entry/21353,1253286,NA,cannot open the connection
https://historicengland.org.uk/advice/heritage-at-risk/search-register/list-entry/219991,1255218,NA,cannot open the connection
https://historicengland.org.uk/advice/heritage-at-risk/search-register/list-entry/23111,1255576,NA,cannot open the connection
https://historicengland.org.uk/advice/heritage-at-risk/search-register/list-entry/47238,1256253,NA,cannot open the connection
https://historicengland.org.uk/advice/heritage-at-risk/search-register/list-entry/397563,1256632,NA,cannot open the connection
https://historicengland.org.uk/advice/heritage-at-risk/search-register/list-entry/46153,1257876,NA,cannot open the connection
https://historicengland.org.uk/advice/heritage-at-risk/search-register/list-entry/22070,1260323,NA,cannot open the connection
https://historicengland.org.uk/advice/heritage-at-risk/search-register/list-entry/13435,1260344,NA,cannot open the connection
https://historicengland.org.uk/advice/heritage-at-risk/search-register/list-entry/223337,1260364,NA,cannot open the connection
https://historicengland.org.uk/advice/heritage-at-risk/search-register/list-entry/20572,1261971,NA,cannot open the connection
https://historicengland.org.uk/advice/heritage-at-risk/search-register/list-entry/50186,1263197,NA,cannot open the connection
https://historicengland.org.uk/advice/heritage-at-risk/search-register/list-entry/19424,1263514,NA,cannot open the connection
https://historicengland.org.uk/advice/heritage-at-risk/search-register/list-entry/48503,1263688,NA,cannot open the connection
https://historicengland.org.uk/advice/heritage-at-risk/search-register/list-entry/226102,1264016,NA,cannot open the connection
https://historicengland.org.uk/advice/heritage-at-risk/search-register/list-entry/46264,1264406,NA,cannot open the connection
https://historicengland.org.uk/advice/heritage-at-risk/search-register/list-entry/10550,1264584,NA,cannot open the connection
https://historicengland.org.uk/advice/heritage-at-risk/search-register/list-entry/47609,1264991,NA,cannot open the connection
https://historicengland.org.uk/advice/heritage-at-risk/search-register/list-entry/47608,1265023,NA,cannot open the connection
https://historicengland.org.uk/advice/heritage-at-risk/search-register/list-entry/47585,1265630,NA,cannot open the connection
https://historicengland.org.uk/advice/heritage-at-risk/search-register/list-entry/386651,1265966,NA,cannot open the connection
https://historicengland.org.uk/advice/heritage-at-risk/search-register/list-entry/20587,1266756,NA,cannot open the connection
https://historicengland.org.uk/advice/heritage-at-risk/search-register/list-entry/49627,1267135,NA,cannot open the connection
https://historicengland.org.uk/advice/heritage-at-risk/search-register/list-entry/50155,1269052,NA,cannot open the connection
https://historicengland.org.uk/advice/heritage-at-risk/search-register/list-entry/230351,1270002,NA,cannot open the connection
https://historicengland.org.uk/advice/heritage-at-risk/search-register/list-entry/46949,1270576,NA,cannot open the connection
https://historicengland.org.uk/advice/heritage-at-risk/search-register/list-entry/48754,1273239,NA,cannot open the connection
https://historicengland.org.uk/advice/heritage-at-risk/search-register/list-entry/21910,1273602,NA,cannot open the connection
https://historicengland.org.uk/advice/heritage-at-risk/search-register/list-entry/235259,1276972,NA,cannot open the connection
https://historicengland.org.uk/advice/heritage-at-risk/search-register/list-entry/49695,1279879,NA,cannot open the connection
https://historicengland.org.uk/advice/heritage-at-risk/search-register/list-entry/237922,1280767,NA,cannot open the connection
https://historicengland.org.uk/advice/heritage-at-risk/search-register/list-entry/50093,1281018,NA,cannot open the connection
https://historicengland.org.uk/advice/heritage-at-risk/search-register/list-entry/48072,1281700,NA,cannot open the connection
https://historicengland.org.uk/advice/heritage-at-risk/search-register/list-entry/21921,1281831,NA,cannot open the connection
https://historicengland.org.uk/advice/heritage-at-risk/search-register/list-entry/49412,1282109,NA,cannot open the connection
https://historicengland.org.uk/advice/heritage-at-risk/search-register/list-entry/374567,1282177,NA,cannot open the connection
https://historicengland.org.uk/advice/heritage-at-risk/search-register/list-entry/47413,1285115,NA,cannot open the connection
https://historicengland.org.uk/advice/heritage-at-risk/search-register/list-entry/13847,1286085,NA,cannot open the connection
https://historicengland.org.uk/advice/heritage-at-risk/search-register/list-entry/48110,1286162,NA,cannot open the connection
https://historicengland.org.uk/advice/heritage-at-risk/search-register/list-entry/15719,1288593,NA,cannot open the connection
https://historicengland.org.uk/advice/heritage-at-risk/search-register/list-entry/367536,1288913,NA,cannot open the connection
https://historicengland.org.uk/advice/heritage-at-risk/search-register/list-entry/10483,1290539,NA,cannot open the connection
https://historicengland.org.uk/advice/heritage-at-risk/search-register/list-entry/246699,1293515,NA,cannot open the connection
https://historicengland.org.uk/advice/heritage-at-risk/search-register/list-entry/9905,1294757,NA,cannot open the connection
https://historicengland.org.uk/advice/heritage-at-risk/search-register/list-entry/18134,1295154,NA,cannot open the connection
https://historicengland.org.uk/advice/heritage-at-risk/search-register/list-entry/16711,1296495,NA,cannot open the connection
https://historicengland.org.uk/advice/heritage-at-risk/search-register/list-entry/390325,1297495,NA,cannot open the connection
https://historicengland.org.uk/advice/heritage-at-risk/search-register/list-entry/22649,1297829,NA,cannot open the connection
https://historicengland.org.uk/advice/heritage-at-risk/search-register/list-entry/48710,1297973,NA,cannot open the connection
https://historicengland.org.uk/advice/heritage-at-risk/search-register/list-entry/49846,1299012,NA,cannot open the connection
https://historicengland.org.uk/advice/heritage-at-risk/search-register/list-entry/13392,1301343,NA,cannot open the connection
https://historicengland.org.uk/advice/heritage-at-risk/search-register/list-entry/21219,1302858,NA,cannot open the connection
https://historicengland.org.uk/advice/heritage-at-risk/search-register/list-entry/19658,1303073,NA,cannot open the connection
https://historicengland.org.uk/advice/heritage-at-risk/search-register/list-entry/409305,1304627,NA,cannot open the connection
https://historicengland.org.uk/advice/heritage-at-risk/search-register/list-entry/12314,1305530,NA,cannot open the connection
https://historicengland.org.uk/advice/heritage-at-risk/search-register/list-entry/10056,1307889,NA,cannot open the connection
https://historicengland.org.uk/advice/heritage-at-risk/search-register/list-entry/46936,1308007,NA,cannot open the connection
https://historicengland.org.uk/advice/heritage-at-risk/search-register/list-entry/19206,1308999,NA,cannot open the connection
https://historicengland.org.uk/advice/heritage-at-risk/search-register/list-entry/24225,1309251,NA,cannot open the connection
https://historicengland.org.uk/advice/heritage-at-risk/search-register/list-entry/50273,1309358,NA,cannot open the connection
https://historicengland.org.uk/advice/heritage-at-risk/search-register/list-entry/48048,1311161,NA,cannot open the connection
https://historicengland.org.uk/advice/heritage-at-risk/search-register/list-entry/22681,1313057,NA,cannot open the connection
https://historicengland.org.uk/advice/heritage-at-risk/search-register/list-entry/15111,1313998,NA,cannot open the connection
https://historicengland.org.uk/advice/heritage-at-risk/search-register/list-entry/47176,1314632,NA,cannot open the connection
https://historicengland.org.uk/advice/heritage-at-risk/search-register/list-entry/48626,1315394,NA,cannot open the connection
https://historicengland.org.uk/advice/heritage-at-risk/search-register/list-entry/48184,1315590,NA,cannot open the connection
https://historicengland.org.uk/advice/heritage-at-risk/search-register/list-entry/263087,1316288,NA,cannot open the connection
https://historicengland.org.uk/advice/heritage-at-risk/search-register/list-entry/16382,1316472,NA,cannot open the connection
https://historicengland.org.uk/advice/heritage-at-risk/search-register/list-entry/21362,1317137,NA,cannot open the connection
https://historicengland.org.uk/advice/heritage-at-risk/search-register/list-entry/18980,1322955,NA,cannot open the connection
https://historicengland.org.uk/advice/heritage-at-risk/search-register/list-entry/48525,1323010,NA,cannot open the connection
https://historicengland.org.uk/advice/heritage-at-risk/search-register/list-entry/24033,1323927,NA,cannot open the connection
https://historicengland.org.uk/advice/heritage-at-risk/search-register/list-entry/320310,1325944,NA,cannot open the connection
https://historicengland.org.uk/advice/heritage-at-risk/search-register/list-entry/272420,1328680,NA,cannot open the connection
https://historicengland.org.uk/advice/heritage-at-risk/search-register/list-entry/10069,1330908,NA,cannot open the connection
https://historicengland.org.uk/advice/heritage-at-risk/search-register/list-entry/48334,1332401,NA,cannot open the connection
https://historicengland.org.uk/advice/heritage-at-risk/search-register/list-entry/17306,1334550,NA,cannot open the connection
https://historicengland.org.uk/advice/heritage-at-risk/search-register/list-entry/16925,1336572,NA,cannot open the connection
https://historicengland.org.uk/advice/heritage-at-risk/search-register/list-entry/21864,1337182,NA,cannot open the connection
https://historicengland.org.uk/advice/heritage-at-risk/search-register/list-entry/14804,1337860,NA,cannot open the connection
https://historicengland.org.uk/advice/heritage-at-risk/search-register/list-entry/19730,1340958,NA,cannot open the connection
https://historicengland.org.uk/advice/heritage-at-risk/search-register/list-entry/15294,1341364,NA,cannot open the connection
https://historicengland.org.uk/advice/heritage-at-risk/search-register/list-entry/14478,1341787,NA,cannot open the connection
https://historicengland.org.uk/advice/heritage-at-risk/search-register/list-entry/23330,1341976,NA,cannot open the connection
https://historicengland.org.uk/advice/heritage-at-risk/search-register/list-entry/15522,1342465,NA,cannot open the connection
https://historicengland.org.uk/advice/heritage-at-risk/search-register/list-entry/24202,1342893,NA,cannot open the connection
https://historicengland.org.uk/advice/heritage-at-risk/search-register/list-entry/283185,1343187,NA,cannot open the connection
https://historicengland.org.uk/advice/heritage-at-risk/search-register/list-entry/19268,1343558,NA,cannot open the connection
https://historicengland.org.uk/advice/heritage-at-risk/search-register/list-entry/21388,1344587,NA,cannot open the connection
https://historicengland.org.uk/advice/heritage-at-risk/search-register/list-entry/14232,1346835,NA,cannot open the connection
https://historicengland.org.uk/advice/heritage-at-risk/search-register/list-entry/48617,1350494,NA,cannot open the connection
https://historicengland.org.uk/advice/heritage-at-risk/search-register/list-entry/20080,1350718,NA,cannot open the connection
https://historicengland.org.uk/advice/heritage-at-risk/search-register/list-entry/11495,1352160,NA,cannot open the connection
https://historicengland.org.uk/advice/heritage-at-risk/search-register/list-entry/48484,1355168,NA,cannot open the connection
https://historicengland.org.uk/advice/heritage-at-risk/search-register/list-entry/48419,1357512,NA,cannot open the connection
https://historicengland.org.uk/advice/heritage-at-risk/search-register/list-entry/49717,1357620,NA,cannot open the connection
https://historicengland.org.uk/advice/heritage-at-risk/search-register/list-entry/50168,1357807,NA,cannot open the connection
https://historicengland.org.uk/advice/heritage-at-risk/search-register/list-entry/50184,1357900,NA,cannot open the connection
https://historicengland.org.uk/advice/heritage-at-risk/search-register/list-entry/50077,1357922,NA,cannot open the connection
https://historicengland.org.uk/advice/heritage-at-risk/search-register/list-entry/294029,1358028,NA,cannot open the connection
https://historicengland.org.uk/advice/heritage-at-risk/search-register/list-entry/48143,1358193,NA,cannot open the connection
https://historicengland.org.uk/advice/heritage-at-risk/search-register/list-entry/294256,1358301,NA,cannot open the connection
https://historicengland.org.uk/advice/heritage-at-risk/search-register/list-entry/49878,1358372,NA,cannot open the connection
https://historicengland.org.uk/advice/heritage-at-risk/search-register/list-entry/294463,1358588,NA,cannot open the connection
https://historicengland.org.uk/advice/heritage-at-risk/search-register/list-entry/49129,1358740,NA,cannot open the connection
https://historicengland.org.uk/advice/heritage-at-risk/search-register/list-entry/49122,1358787,NA,cannot open the connection
https://historicengland.org.uk/advice/heritage-at-risk/search-register/list-entry/294744,1358998,NA,cannot open the connection
https://historicengland.org.uk/advice/heritage-at-risk/search-register/list-entry/15969,1359302,NA,cannot open the connection
https://historicengland.org.uk/advice/heritage-at-risk/search-register/list-entry/11541,1359492,NA,cannot open the connection
https://historicengland.org.uk/advice/heritage-at-risk/search-register/list-entry/13362,1359727,NA,cannot open the connection
https://historicengland.org.uk/advice/heritage-at-risk/search-register/list-entry/409325,1359971,NA,cannot open the connection
https://historicengland.org.uk/advice/heritage-at-risk/search-register/list-entry/49300,1359987,NA,cannot open the connection
https://historicengland.org.uk/advice/heritage-at-risk/search-register/list-entry/21204,1360195,NA,cannot open the connection
https://historicengland.org.uk/advice/heritage-at-risk/search-register/list-entry/17958,1360316,NA,cannot open the connection
https://historicengland.org.uk/advice/heritage-at-risk/search-register/list-entry/20042,1360324,NA,cannot open the connection
https://historicengland.org.uk/advice/heritage-at-risk/search-register/list-entry/295926,1360710,NA,cannot open the connection
https://historicengland.org.uk/advice/heritage-at-risk/search-register/list-entry/13650,1360866,NA,cannot open the connection
https://historicengland.org.uk/advice/heritage-at-risk/search-register/list-entry/24277,1360878,NA,cannot open the connection
https://historicengland.org.uk/advice/heritage-at-risk/search-register/list-entry/18147,1360902,NA,cannot open the connection
https://historicengland.org.uk/advice/heritage-at-risk/search-register/list-entry/21448,1361364,NA,cannot open the connection
https://historicengland.org.uk/advice/heritage-at-risk/search-register/list-entry/49134,1362053,NA,cannot open the connection
https://historicengland.org.uk/advice/heritage-at-risk/search-register/list-entry/46538,1362113,NA,cannot open the connection
https://historicengland.org.uk/advice/heritage-at-risk/search-register/list-entry/21798,1363962,NA,cannot open the connection
https://historicengland.org.uk/advice/heritage-at-risk/search-register/list-entry/299152,1365196,NA,cannot open the connection
https://historicengland.org.uk/advice/heritage-at-risk/search-register/list-entry/14058,1370105,NA,cannot open the connection
https://historicengland.org.uk/advice/heritage-at-risk/search-register/list-entry/46254,1371729,NA,cannot open the connection
https://historicengland.org.uk/advice/heritage-at-risk/search-register/list-entry/15931,1373064,NA,cannot open the connection
https://historicengland.org.uk/advice/heritage-at-risk/search-register/list-entry/47240,1375042,NA,cannot open the connection
https://historicengland.org.uk/advice/heritage-at-risk/search-register/list-entry/49852,1377465,NA,cannot open the connection
https://historicengland.org.uk/advice/heritage-at-risk/search-register/list-entry/308553,1378714,NA,cannot open the connection
https://historicengland.org.uk/advice/heritage-at-risk/search-register/list-entry/308846,1379178,NA,cannot open the connection
https://historicengland.org.uk/advice/heritage-at-risk/search-register/list-entry/356018,1379249,NA,cannot open the connection
https://historicengland.org.uk/advice/heritage-at-risk/search-register/list-entry/50099,1380905,NA,cannot open the connection
https://historicengland.org.uk/advice/heritage-at-risk/search-register/list-entry/10196,1381158,NA,cannot open the connection
https://historicengland.org.uk/advice/heritage-at-risk/search-register/list-entry/11721,1383212,NA,cannot open the connection
https://historicengland.org.uk/advice/heritage-at-risk/search-register/list-entry/15391,1384451,NA,cannot open the connection
https://historicengland.org.uk/advice/heritage-at-risk/search-register/list-entry/50217,1385651,NA,cannot open the connection
https://historicengland.org.uk/advice/heritage-at-risk/search-register/list-entry/50085,1385958,NA,cannot open the connection
https://historicengland.org.uk/advice/heritage-at-risk/search-register/list-entry/356618,1386028,NA,cannot open the connection
https://historicengland.org.uk/advice/heritage-at-risk/search-register/list-entry/48962,1386053,NA,cannot open the connection
https://historicengland.org.uk/advice/heritage-at-risk/search-register/list-entry/397106,1386054,NA,cannot open the connection
https://historicengland.org.uk/advice/heritage-at-risk/search-register/list-entry/17005,1386122,NA,cannot open the connection
https://historicengland.org.uk/advice/heritage-at-risk/search-register/list-entry/21741,1388844,NA,cannot open the connection
https://historicengland.org.uk/advice/heritage-at-risk/search-register/list-entry/49345,1389136,NA,cannot open the connection
https://historicengland.org.uk/advice/heritage-at-risk/search-register/list-entry/50238,1389192,NA,cannot open the connection
https://historicengland.org.uk/advice/heritage-at-risk/search-register/list-entry/50249,1389193,NA,cannot open the connection
https://historicengland.org.uk/advice/heritage-at-risk/search-register/list-entry/49111,1389617,NA,cannot open the connection
https://historicengland.org.uk/advice/heritage-at-risk/search-register/list-entry/18582,1389696,NA,cannot open the connection
https://historicengland.org.uk/advice/heritage-at-risk/search-register/list-entry/24426,1389795,NA,cannot open the connection
https://historicengland.org.uk/advice/heritage-at-risk/search-register/list-entry/11333,1390763,NA,cannot open the connection
https://historicengland.org.uk/advice/heritage-at-risk/search-register/list-entry/315814,1390877,NA,cannot open the connection
https://historicengland.org.uk/advice/heritage-at-risk/search-register/list-entry/49366,1391246,NA,cannot open the connection
https://historicengland.org.uk/advice/heritage-at-risk/search-register/list-entry/49620,1392310,NA,cannot open the connection
https://historicengland.org.uk/advice/heritage-at-risk/search-register/list-entry/316997,1392379,NA,cannot open the connection
https://historicengland.org.uk/advice/heritage-at-risk/search-register/list-entry/50047,1392595,NA,cannot open the connection
https://historicengland.org.uk/advice/heritage-at-risk/search-register/list-entry/317331,1392791,NA,cannot open the connection
https://historicengland.org.uk/advice/heritage-at-risk/search-register/list-entry/410487,1393730,NA,cannot open the connection
https://historicengland.org.uk/advice/heritage-at-risk/search-register/list-entry/357379,1393881,NA,cannot open the connection
https://historicengland.org.uk/advice/heritage-at-risk/search-register/list-entry/403894,1394133,NA,cannot open the connection
https://historicengland.org.uk/advice/heritage-at-risk/search-register/list-entry/49776,1396146,NA,cannot open the connection
https://historicengland.org.uk/advice/heritage-at-risk/search-register/list-entry/318614,1396403,NA,cannot open the connection
https://historicengland.org.uk/advice/heritage-at-risk/search-register/list-entry/407154,1403329,NA,cannot open the connection
https://historicengland.org.uk/advice/heritage-at-risk/search-register/list-entry/407811,1409363,NA,cannot open the connection
https://historicengland.org.uk/advice/heritage-at-risk/search-register/list-entry/2069109,1434287,NA,cannot open the connection
https://historicengland.org.uk/advice/heritage-at-risk/search-register/list-entry/2703697,1436044,NA,cannot open the connection
https://historicengland.org.uk/advice/heritage-at-risk/search-register/list-entry/3118354,1449248,NA,cannot open the connection
